<?xml version="1.0" encoding="UTF-8"?>
<?asciidoc-toc?>
<?asciidoc-numbered?>
<book xmlns="http://docbook.org/ns/docbook" xmlns:xl="http://www.w3.org/1999/xlink" version="5.0" xml:lang="">
<info>
<title><inlinemediaobject>
<imageobject>
<imagedata fileref="images/REQ42-logo.png"/>
</imageobject>
<textobject><phrase>req42</phrase></textobject>
</inlinemediaobject> Framework</title>
<date>2025-07-08</date>
</info>
<preface>
<title></title>
<simpara><emphasis role="strong">Über req42</emphasis></simpara>
<simpara role="lead">req42, das Framework zur Sammlung, Dokumentation und Kommunikation von Anforderungen im agilen Umfeld.</simpara>
<simpara>Erstellt von Dr. Peter Hruschka, Markus Meuten und Mitwirkenden.</simpara>
<simpara>Template Revision: 2.0 DE (asciidoc-based), MÄRZ 2023</simpara>
<simpara>&#169;
We acknowledge that this document uses material from the req42 architecture framework, <link xl:href="https://req42.de">https://req42.de</link></simpara>
<simpara><?asciidoc-hr?></simpara>
<sidebar role="req42help">
<note>
<simpara>Diese Version des Frameworks enthält Hilfen und Erläuterungen.
Sie dient der Einarbeitung in req42 sowie dem Verständnis der Konzepte.
Für die Dokumentation eigener System verwenden Sie besser die <emphasis>plain</emphasis> Version.</simpara>
</note>
</sidebar>
<simpara><?asciidoc-pagebreak?></simpara>
</preface>
<chapter xml:id="section-Visionen-Ziele">
<title>Visionen und Ziele</title>
<sidebar role="req42help">
<formalpara>
<title>Inhalt</title>
<para>Die Business-Ziele Ihrer Produktentwicklung bzw. Ihres Projekts. Stakeholder-verständlich und transparent.</para>
</formalpara>
<formalpara>
<title>Motivation</title>
<para>Die Ziele müssen so weit präzisiert und abgestimmt werden, dass alle Beteiligten eine klare Vorstellung davon haben, was in welchen Zeiträumen erreicht werden soll.</para>
</formalpara>
<simpara>Die Festlegung von Visionen und Zielen leitet das Team bei der Ausarbeitung der detaillierten Anforderungen und vermeidet Verzettelung.</simpara>
<simpara>Vielleicht haben Ihnen Ihre Auftraggeber grobe Ziele oder eine Vision mitgegeben, als man Sie mit der Rolle des Product Owners betraut hat. Oft reicht jedoch die Präzision dieser Vorgaben nicht aus, um ein Team systematisch zum Erfolg zu führen.</simpara>
<simpara>Für uns gilt: Ziele sind Anforderungen! Oder präziser: Ziele sind die Anforderungen, die sich hoffentlich in dem Zeitraum, für den sie definiert werden, stabil bleiben.</simpara>
<formalpara>
<title>Form</title>
<para>Zur Definition von Zielen stehen Ihnen verschiedenste Ausdrucksmittel zur Verfügung, die Sie nach Lust und Laune wählen können.</para>
</formalpara>
<simpara>Unsere Empfehlung:</simpara>
<itemizedlist>
<listitem>
<simpara>Notation in Form von PAM (Purpose, Advantage, Metric)</simpara>
</listitem>
</itemizedlist>
<simpara>Alternative Notationsformen:</simpara>
<itemizedlist>
<listitem>
<simpara>Produktkoffer</simpara>
</listitem>
<listitem>
<simpara>News from the Future</simpara>
</listitem>
<listitem>
<simpara>Product Canvas</simpara>
</listitem>
<listitem>
<simpara>Value Proposition</simpara>
</listitem>
</itemizedlist>
<simpara>Nur eines sollten Sie nie machen: Ohne explizite Ziele oder Visionen zu arbeiten.</simpara>
</sidebar>
<simpara>Zieldefinitionen nach PAM:</simpara>
<simpara>Ziel 1:</simpara>
<simpara>Vorteil 1:</simpara>
<simpara>Metrik 1:</simpara>
<simpara>Ziel 2:</simpara>
<simpara>Vorteil 2:</simpara>
<simpara>Metrik 2:</simpara>
<simpara>Ziel 3:</simpara>
<simpara>Vorteil 3:</simpara>
<simpara>Metrik 3:</simpara>
<simpara><?asciidoc-pagebreak?></simpara>
</chapter>
<chapter xml:id="section-Stakeholder">
<title>Stakeholder</title>
<sidebar role="req42help">
<formalpara>
<title>Inhalt</title>
<para>Eine (priorisierte) Liste Ihrer Stakeholder, zusammen Angaben, wo diese Stakeholder bei der Analysearbeit helfen (oder hindern) können.</para>
</formalpara>
<formalpara>
<title>Motivation</title>
<para>Stakeholder sind die wichtigsten Quellen für Anforderungen. Deshalb sollten Sie diese kennen und dokumentieren. Sie müssen wissen, wer davon Ihnen wobei helfen oder Sie in welcher Form behindern kann.
Sie müssen wissen, wer welchen Einfluss hat – und bei unterschiedlichen Meinungen müssen Sie vermitteln oder entscheiden.</para>
</formalpara>
<simpara>Ohne explizit identifizierte Stakeholder ist das alles schwierig.</simpara>
<itemizedlist>
<title>Notationen/Tools</title>
<listitem>
<simpara>Tabellen oder Listen (einfache Form)</simpara>
</listitem>
<listitem>
<simpara>Evtl. Stakeholder-Map (komplexere Form)</simpara>
</listitem>
</itemizedlist>
<simpara>Nachfolgend haben wir als Beispiel eine einfache Stakeholder-Liste eingefügt.</simpara>
<simpara>Die Reihenfolge "Rolle vor Person" ist bewusst gewählt. Diese Reihenfolge hat sich bewährt da Anforderungen normalerweise immer Bedarfe aus Sicht einer Rolle darstellen, die Person, welche die Rolle einnimmt während des Projektes aber durchaus wechseln kann.</simpara>
<simpara>Sie können bei Bedarf auch gerne weitere Spalten hinzufügen (Kontaktdaten, …) – bedenken Sie aber den Aufwand für deren Pflege.</simpara>
</sidebar>
<informaltable frame="all" rowsep="1" colsep="1">
<tgroup cols="4">
<colspec colname="col_1" colwidth="16.129*"/>
<colspec colname="col_2" colwidth="19.3548*"/>
<colspec colname="col_3" colwidth="32.258*"/>
<colspec colname="col_4" colwidth="32.2582*"/>
<thead>
<row>
<entry align="left" valign="top">Rolle</entry>
<entry align="left" valign="top">Person</entry>
<entry align="left" valign="top">Thema</entry>
<entry align="left" valign="top">Einfluss</entry>
</row>
</thead>
<tbody>
<row>
<entry align="left" valign="top"><simpara><emphasis>&lt;Rolle-1&gt;</emphasis></simpara></entry>
<entry align="left" valign="top"><simpara><emphasis>&lt;Person-1&gt;</emphasis></simpara></entry>
<entry align="left" valign="top"><simpara><emphasis>&lt;Thema-1&gt;</emphasis></simpara></entry>
<entry align="left" valign="top"><simpara><emphasis>&lt;Einfluss-1&gt;</emphasis></simpara></entry>
</row>
<row>
<entry align="left" valign="top"><simpara><emphasis>&lt;Rolle-2&gt;</emphasis></simpara></entry>
<entry align="left" valign="top"><simpara><emphasis>&lt;Person-2&gt;</emphasis></simpara></entry>
<entry align="left" valign="top"><simpara><emphasis>&lt;Thema-2&gt;</emphasis></simpara></entry>
<entry align="left" valign="top"><simpara><emphasis>&lt;Einfluss-2&gt;</emphasis></simpara></entry>
</row>
</tbody>
</tgroup>
</informaltable>
<simpara><?asciidoc-pagebreak?></simpara>
</chapter>
<chapter xml:id="section-Scope-Abgrenzung">
<title>Scope-Abgrenzung</title>
<sidebar role="req42help">
<formalpara>
<title>Inhalt</title>
<para>Ihr Produkt mit allen externen Schnittstellen zu (menschlichen und automatisierten) Nachbarn, bzw. Nachbarsystemen</para>
</formalpara>
<formalpara>
<title>Motivation</title>
<para>Scope ist der Bereich, den Sie beeinflussen können. Die Umgebung des Produktes, zu dem es sicherlich viele Schnittstellen gibt stellt den Kontext dar. Der Kontext kann (normalerweise) nicht von Ihnen allein entschieden werden, kann aber oft verhandeln werden.
Um Klarheit zu gewinnen ist es wichtig beides möglichst zu beschreiben und vor allem die Grenze zwischen den beiden Bereichen zu definieren.
req42 empfiehlt Ihnen mit dem Business-Scope zu beginnen und nicht zu früh den Product-Scope einzuschränken.</para>
</formalpara>
<simpara>Die Entscheidung über die Produktgrenze sollte eine bewusste Entscheidung sein.
Mehr über dieses unverzichtbare Thema lesen Sie im Blog-Beitrag „Scope ist nicht gleich Scope“. In unseren Kursen üben Sie die Scope-Abgrenzung anhand einer realistischen Fallstudie.</simpara>
<formalpara>
<title>Notationen/Tools</title>
<para>Zur Darstellung der Scope-Abgrenzung gibt es viele verschiedene Ausdrucksmittel, aber eine gute Scope-Abgrenzung macht die Schnittstellen zum Kontext explizit (z.B. in Form von Ein- und Ausgaben, von angebotenen und benötigten Services, &#8230;&#8203;)</para>
</formalpara>
<itemizedlist>
<listitem>
<simpara>Diverse Formen von Kontextdiagrammen</simpara>
</listitem>
<listitem>
<simpara>Kontexttabelle</simpara>
</listitem>
</itemizedlist>
</sidebar>
<simpara><emphasis>&lt;Kontextdiagramm&gt;</emphasis> oder <emphasis>&lt;Kontexttabelle&gt;</emphasis> hier einfügen.</simpara>
<simpara>Optional: Tabelle mit Erläuterungen der Schnittstellen ergänzen:</simpara>
<informaltable frame="all" rowsep="1" colsep="1">
<tgroup cols="2">
<colspec colname="col_1" colwidth="25*"/>
<colspec colname="col_2" colwidth="75*"/>
<thead>
<row>
<entry align="left" valign="top">Bedeutung</entry>
<entry align="left" valign="top">Erläuterung</entry>
</row>
</thead>
<tbody>
<row>
<entry align="left" valign="top"><simpara><emphasis>&lt;IF-1&gt;</emphasis></simpara></entry>
<entry align="left" valign="top"><simpara><emphasis>&lt;Erläuterung-1&gt;</emphasis></simpara></entry>
</row>
<row>
<entry align="left" valign="top"><simpara><emphasis>&lt;IF-2&gt;</emphasis></simpara></entry>
<entry align="left" valign="top"><simpara><emphasis>&lt;Erläuterung-2&gt;</emphasis></simpara></entry>
</row>
</tbody>
</tgroup>
</informaltable>
<simpara><?asciidoc-pagebreak?></simpara>
</chapter>
<chapter xml:id="section-Product-Backlog">
<title>Product Backlog</title>
<sidebar role="req42help">
<formalpara>
<title>Inhalt</title>
<para>Eine geordnete Liste von Product Backlog Items (auf verschiedenem Granularitätsstufen: z.B. Epics, Features und User Storys.) Backlog-Items sollen untereinander priorisiert (besserer Ausdruck: geranked) sein. Die Items mit dem größten Mehrwert bezogen auf den Umsetzungsaufwand sollten sich entsprechend oben im Backlog wiederfinden, um als nächstes umgesetzt zu werden. Was Mehrwert für Sie und Ihre Entwicklung bedeutet müssen Sie explizit festlegen. Die einfachste Ausprägung ist der Business Mehrwert für den Kunden bei Umsetzung der Anforderung.</para>
</formalpara>
<formalpara>
<title>Motivation</title>
<para>Der Scrum Guide definiert:</para>
</formalpara>
<simpara>„Das Product Backlog ist eine geordnete Liste von allem, von dem bekannt ist, dass es im Produkt enthalten sein soll. Es dient die einzige Anforderungsquelle für alle Änderungen am Produkt. Der Product Owner ist für das Product Backlog, seine Inhalte, den Zugriff darauf und die Reihenfolge der Einträge verantwortlich.
Ein Product Backlog ist niemals vollständig. Während seiner ersten Entwicklungsschritte zeigt es die anfangs bekannten und am besten verstandenen Anforderungen auf. Das Product Backlog entwickelt sich mit dem Produkt und dessen Einsatz weiter. Es ist dynamisch; es passt sich konstant an, um für das Produkt klar herauszustellen, was es braucht, um seiner Aufgabe angemessen zu sein, im Wettbewerb zu bestehen und den erforderlichen Nutzen zu bieten.“</simpara>
<simpara>Solange ein Produkt existiert, existiert auch sein Product Backlog.
Sie sehen also: das Product Backlog ist wirklich wichtig für die erfolgreiche Arbeit als Product Owner. Aber bitte füllen sie auch die anderen Artefakt. Ihr Job fängt vielleicht nicht mit dem Product Backlog an und hört sicherlich nicht mit dem Product Backlog auf.</simpara>
<formalpara>
<title>Notationen/Tools</title>
<para>Bewährt hat sich (unabhängig von der Granularität) für Epics, Features und User-Storys die Formel:</para>
</formalpara>
<simpara>Als <emphasis>&lt;Rolle&gt;</emphasis> möchte ich <emphasis>&lt;Funktionalität&gt;</emphasis> damit <emphasis>&lt;Vorteil&gt;</emphasis>.</simpara>
<simpara>Für die abstrakteren Ebenen (Epics, Features) eignen sich unter Umständen auch zusammengesetzte Substantive zum Beschreiben der Funktionalität.</simpara>
<simpara>Nutzen Sie ALM Tools bzw. Ticket-Systeme (JIRA oder Azure DevOps) oder Wikis (wie Confluence), um Ihre Epics, Features und Storys (verlinkt und geordnet) zu verwalten.</simpara>
<simpara>Besonders bewährt hat sich eine zweidimensionale Darstellung des Product Backlogs in Form einer Story-Map.</simpara>
</sidebar>
<simpara>EPIC 1:  Als <emphasis>&lt;Rolle&gt;</emphasis> möchte ich <emphasis>&lt;Funktionalität&gt;</emphasis> damit <emphasis>&lt;Vorteil&gt;</emphasis> <emphasis>&lt;optional. Link zu Modellen&gt;</emphasis>.</simpara>
<simpara>FEATURE  1.1:  Als <emphasis>&lt;Rolle&gt;</emphasis> möchte ich <emphasis>&lt;Funktionalität&gt;</emphasis> damit <emphasis>&lt;Vorteil&gt;</emphasis> <emphasis>&lt;optional. Link zu Modellen&gt;</emphasis>.</simpara>
<simpara>STORY 1.1.1.: Als <emphasis>&lt;Rolle&gt;</emphasis> möchte ich <emphasis>&lt;Funktionalität&gt;</emphasis> damit <emphasis>&lt;Vorteil&gt;</emphasis> <emphasis>&lt;optional. Link zu Modellen&gt;</emphasis>.</simpara>
<simpara>STORY 1.1.x.: Als <emphasis>&lt;Rolle&gt;</emphasis> möchte ich <emphasis>&lt;Funktionalität&gt;</emphasis> damit <emphasis>&lt;Vorteil&gt;</emphasis> <emphasis>&lt;optional. Link zu Modellen&gt;</emphasis>.</simpara>
<simpara>EPIC 2:  Als <emphasis>&lt;Rolle&gt;</emphasis> möchte ich <emphasis>&lt;Funktionalität&gt;</emphasis> damit <emphasis>&lt;Vorteil&gt;</emphasis> <emphasis>&lt;optional. Link zu Modellen&gt;</emphasis>.</simpara>
<simpara>FEATURE  2.1:  Als <emphasis>&lt;Rolle&gt;</emphasis> möchte ich <emphasis>&lt;Funktionalität&gt;</emphasis> damit <emphasis>&lt;Vorteil&gt;</emphasis> <emphasis>&lt;optional. Link zu Modellen&gt;</emphasis>.</simpara>
<simpara>STORY 2.1.1.: Als <emphasis>&lt;Rolle&gt;</emphasis> möchte ich <emphasis>&lt;Funktionalität&gt;</emphasis> damit <emphasis>&lt;Vorteil&gt;</emphasis> <emphasis>&lt;optional. Link zu Modellen&gt;</emphasis>.</simpara>
<simpara>STORY 2.1.2: Als <emphasis>&lt;Rolle&gt;</emphasis> möchte ich <emphasis>&lt;Funktionalität&gt;</emphasis> damit <emphasis>&lt;Vorteil&gt;</emphasis> <emphasis>&lt;optional. Link zu Modellen&gt;</emphasis>.</simpara>
<simpara>FEATURE  2.2:  Als <emphasis>&lt;Rolle&gt;</emphasis> möchte ich <emphasis>&lt;Funktionalität&gt;</emphasis> damit <emphasis>&lt;Vorteil&gt;</emphasis> <emphasis>&lt;optional. Link zu Modellen&gt;</emphasis>.</simpara>
<simpara>STORY 2.2.1.: Als <emphasis>&lt;Rolle&gt;</emphasis> möchte ich <emphasis>&lt;Funktionalität&gt;</emphasis> damit <emphasis>&lt;Vorteil&gt;</emphasis> <emphasis>&lt;optional. Link zu Modellen&gt;</emphasis>.</simpara>
<simpara>STORY 2.2.2: Als <emphasis>&lt;Rolle&gt;</emphasis> möchte ich <emphasis>&lt;Funktionalität&gt;</emphasis> damit <emphasis>&lt;Vorteil&gt;</emphasis> <emphasis>&lt;optional. Link zu Modellen&gt;</emphasis>.</simpara>
<simpara>EPIC 3:  Als <emphasis>&lt;Rolle&gt;</emphasis> möchte ich <emphasis>&lt;Funktionalität&gt;</emphasis> damit <emphasis>&lt;Vorteil&gt;</emphasis> <emphasis>&lt;optional. Link zu Modellen&gt;</emphasis>.</simpara>
<simpara><?asciidoc-pagebreak?></simpara>
</chapter>
<chapter xml:id="section-Modelle-zur-Unterstuetzung">
<title>Modelle zur Unterstützung</title>
<sidebar role="req42help">
<formalpara>
<title>Inhalt</title>
<para>Jegliche Art von grafischen Modellen, die das Verständnis (von Zusammenhängen) von Backlog Items erleichtern. Die Diagramme sollten mit Items aus dem Product Backlog verlinkt sein.</para>
</formalpara>
<formalpara>
<title>Motivation</title>
<para>In der agilen Welt hat es sich weit verbreitet, Anforderungen in Form von Epics, Features oder User Storys auf Kärtchen zu schreiben oder in äquivalenter Form in Tools abzulegen.</para>
</formalpara>
<simpara>Trotzdem wird die Kommunikation unter allen Beteiligten manchmal erheblich einfacher, wenn man zusätzlich auch die Hilfsmittel verwendet, die wir in den letzten Jahrzehnten zur Präzisierung der Umgangssprache kennengelernt haben. Scheuen Sie also nicht davor zurück Modelle zu verwenden, wenn sie die Kommunikation fördern.</simpara>
<simpara>Keine Angst: diese Modelle müssen nicht perfekt sein. Aber insbesondere mit anwachsender Komplexität (Schleifen oder Fallunterscheidungen) fördert eine grafische Visualisierung der Schritte eines Geschäftsprozesses das Verständnis besser als viele Tickets im System ohne erkennbare Abfolgen und Abhängigkeiten.</simpara>
<itemizedlist>
<title>Notationen/Tools</title>
<listitem>
<simpara>Flussdiagramme</simpara>
</listitem>
<listitem>
<simpara>Aktivitätsdiagramme</simpara>
</listitem>
<listitem>
<simpara>BPMN</simpara>
</listitem>
<listitem>
<simpara>Zustandsmodelle</simpara>
</listitem>
<listitem>
<simpara>Datenmodelle</simpara>
</listitem>
<listitem>
<simpara>UI-Prototypen</simpara>
</listitem>
<listitem>
<simpara>Mock-ups</simpara>
</listitem>
<listitem>
<simpara>Wireframes</simpara>
</listitem>
</itemizedlist>
<simpara>Einfache Modellierungstools wie Gliffy, Diagrams.Net (früher DrawIO), &#8230;&#8203;&#8230;&#8203;, oder DSLs wie PlantUML, Kroki, &#8230;&#8203; oder UML-Modellierungstools wie Enterprise Architect, Visual Paradigm, MagicDraw eignen sich zum Erstellen der Modelle. Die Modelle sollten mit Ihren Backlog-Items verlinkt sein (in beide Richtungen)</simpara>
</sidebar>
<simpara><emphasis>&lt;Diagrammtitel 1:&gt;</emphasis>. <emphasis>&lt;hier Diagramm und evtl. Erläuterungen einfügen&gt;</emphasis> <emphasis>&lt;optional: Link zu Epics, Features oder Storys&gt;</emphasis></simpara>
<simpara><emphasis>&lt;Diagrammtitel 2:&gt;</emphasis>. <emphasis>&lt;hier Diagramm und evtl. Erläuterungen einfügen&gt;</emphasis> <emphasis>&lt;optional: Link zu Epics, Features oder Storys&gt;</emphasis></simpara>
<simpara><emphasis>&lt;Diagrammtitel 3:&gt;</emphasis>. <emphasis>&lt;hier Diagramm und evtl. Erläuterungen einfügen&gt;</emphasis> <emphasis>&lt;optional: Link zu Epics, Features oder Storys&gt;</emphasis></simpara>
<literallayout class="monospaced">.
.
.</literallayout>
<simpara><emphasis>&lt;Diagrammtitel n:&gt;</emphasis>. <emphasis>&lt;hier Diagramm und evtl. Erläuterungen einfügen&gt;</emphasis> <emphasis>&lt;optional: Link zu Epics, Features oder Storys&gt;</emphasis></simpara>
<simpara><?asciidoc-pagebreak?></simpara>
</chapter>
<chapter xml:id="section-Qualitaetsanforderungen">
<title>Qualitätsanforderungen</title>
<sidebar role="req42help">
<formalpara>
<title>Inhalt</title>
<para>Anforderungen an Qualitäten sind das "Wie" zum "Was" – qualitative Definitionen oder Präzisierungen der funktionalen Anforderungen.</para>
</formalpara>
<formalpara>
<title>Motivation</title>
<para>Unsere Erfahrung zeigt: Qualitätsanforderungen sind (leider) nicht nur in der agilen Welt immer noch heftig unterschätzt. Jeder will qualitativ gute Produkte und Services, aber nur wenige machen es explizit, was damit genau gemeint ist.</para>
</formalpara>
<simpara>Einige Qualitätsanforderungen (wie Antwortzeiten) lassen sich vielleicht direkt in eine Story integrieren (oder als Abnahmekriterium dazuschreiben).</simpara>
<simpara>Die große Mehrheit an Qualitätsanforderungen bezieht sich jedoch auf viele, wenn nicht sogar auf alle funktionalen Anforderungen des Product Backlogs.</simpara>
<simpara>Deshalb brauchen Sie als Product Owner irgendwo die Möglichkeit, die gewünschten Qualitäten Ihrer Produkte und Services zu spezifizieren und zuzuweisen.
Für diese Tätigkeit stehen Ihnen industrie-erprobten Checklisten (wie Q42, ISO 25010 und andere) zur Verfügung, welche Ihnen helfen, rasch die wichtigsten Kategorien zu identifizieren und managen zu können.</simpara>
<formalpara>
<title>Notationen/Tools</title>
<para>Einfache textuelle Szenarien, evtl. nach den Kapiteln des ISO 25010 Qualitätsbaums oder nach VOLERE gegliedert.</para>
</formalpara>
</sidebar>
<simpara><emphasis>&lt;Text Qualitätsanforderungen bzw. -Szenario 1&gt;</emphasis> :
<emphasis>&lt;Link auf funktionale Anforderungen bzw. Gültigkeitsbereich&gt;</emphasis></simpara>
<simpara><emphasis>&lt;Text Qualitätsanforderungen bzw. -Szenario 2&gt;</emphasis> :
<emphasis>&lt;Link auf funktionale Anforderungen bzw. Gültigkeitsbereich&gt;</emphasis></simpara>
<simpara><emphasis>&lt;Text Qualitätsanforderungen bzw. -Szenario 3&gt;</emphasis> :
<emphasis>&lt;Link auf funktionale Anforderungen bzw. Gültigkeitsbereich&gt;</emphasis>
 .
 .
 .
<emphasis>&lt;Text Qualitätsanforderungen bzw. -Szenario n&gt;</emphasis> :
<emphasis>&lt;Link auf funktionale Anforderungen bzw. Gültigkeitsbereich&gt;</emphasis></simpara>
<simpara><?asciidoc-pagebreak?></simpara>
</chapter>
<chapter xml:id="section-Randbedingungen">
<title>Randbedingungen</title>
<sidebar role="req42help">
<formalpara>
<title>Inhalt</title>
<para>Technologische oder organisatorische Randbedingungen, bzw. Randbedingungen für den Entwicklungsprozess, wie verpflichtende Tätigkeiten, vorgeschriebene Dokumente und deren Inhalt, einzuhaltenden Meilensteine, &#8230;&#8203;</para>
</formalpara>
<formalpara>
<title>Motivation</title>
<para>Auch solche Randbedingungen sind Anforderungen. Und da sie oft für mehrere oder sogar alle funktionalen Anforderungen gelten, sind sie schwer in dem geordneten Product Backlog unterzubringen.
Stellen Sie einfach sicher, dass alle Beteiligten diese Randbedingungen kennen und bei Bedarf Zugriff dazu haben.</para>
</formalpara>
<formalpara>
<title>Notationen/Tools</title>
<para>Einfache Listen, evtl. nach Kategorien geordnet.</para>
</formalpara>
</sidebar>
<section xml:id="_organisatorische_randbedingungen">
<title>Organisatorische Randbedingungen</title>
<simpara>*
*
*</simpara>
</section>
<section xml:id="_technische_randbedingungen">
<title>Technische Randbedingungen</title>
<simpara>*
*
*</simpara>
<simpara><?asciidoc-pagebreak?></simpara>
</section>
</chapter>
<chapter xml:id="section-Domaenenbegriffe">
<title>Domänenbegriffe</title>
<sidebar role="req42help">
<formalpara>
<title>Inhalt</title>
<para>Ein Glossar von fachlichen Begriffen mit Definitionen.</para>
</formalpara>
<formalpara>
<title>Motivation</title>
<para>In jedem Epic, Feature oder Story kommen Begriffe aus Ihrer Domäne vor. Diese Begriffe sollten allen Beteiligten klar sein. Und deshalb ist es wünschenswert, für ein Projekt oder eine Produktentwicklung ein Glossar solcher Begriffe zu haben.</para>
</formalpara>
<simpara>Stellen Sie sicher, dass alle Beteiligten eine gemeinsame Sprache sprechen – und im Zweifelsfall Zugriff auf vereinbarte Begriffsdefinitionen haben, statt in jedem Meeting wieder neue Wörter ins Spiel zu bringen.</simpara>
<formalpara>
<title>Notationen/Tools</title>
<para>Alphabetisch geordnete Liste von Begriffsdefinitionen</para>
</formalpara>
</sidebar>
<informaltable frame="all" rowsep="1" colsep="1">
<tgroup cols="2">
<colspec colname="col_1" colwidth="25*"/>
<colspec colname="col_2" colwidth="75*"/>
<thead>
<row>
<entry align="left" valign="top">Bedeutung</entry>
<entry align="left" valign="top">Erläuterung</entry>
</row>
</thead>
<tbody>
<row>
<entry align="left" valign="top"><simpara><emphasis>&lt;Begriff-1&gt;</emphasis></simpara></entry>
<entry align="left" valign="top"><simpara><emphasis>&lt;Erläuterung-1&gt;</emphasis></simpara></entry>
</row>
<row>
<entry align="left" valign="top"><simpara><emphasis>&lt;Begriff-2&gt;</emphasis></simpara></entry>
<entry align="left" valign="top"><simpara><emphasis>&lt;Erläuterung-2&gt;</emphasis></simpara></entry>
</row>
</tbody>
</tgroup>
</informaltable>
<simpara><?asciidoc-pagebreak?></simpara>
</chapter>
<chapter xml:id="section-Betriebsmittel-und-Personal">
<title>Betriebsmittel und Personal</title>
<sidebar role="req42help">
<formalpara>
<title>Inhalt</title>
<para>Unter Betriebsmittel und Personal („Assets“) fassen wir das zusammen, was Ihnen Ihre Auftraggeber oder Chefs mitgeben, um Sie als Product Owner (zusammen mit Ihrem Team) zu befähigen, Ihren Job erfolgreich auszuführen.</para>
</formalpara>
<simpara>Die Assets schließen auf jeden Fall Zeit und Budget ein, d.h. Mittel, die man Ihnen für Ihre Aufgabe zur Verfügung stellt. Vielleicht müssen Sie sich Ihr Team mit diesen Mitteln selbst besorgen oder man stellt Ihnen auch Personal (Ihr Team), Arbeitsräume, Infrastruktur, etc. zur Verfügung.</simpara>
<formalpara>
<title>Motivation</title>
<para>Wenn Sie den Job als Product Owner übernehmen, dann müssen Sie über diese Assets mit Ihren Auftraggebern verhandeln und sicherlich im Endeffekt über deren Verwendung auch (durch hoffentlich erfolgreiche Ergebnisse) Rechenschaft ablegen.</para>
</formalpara>
<simpara>Auf jeden Fall sollten Sie wissen, was Ihnen an Geld, Personal, Zeit, Infrastruktur, &#8230;&#8203; zur Verfügung steht. Diese Assets sind eine wesentliche Randbedingung für Ihre Arbeit als Product Owner.</simpara>
<formalpara>
<title>Notationen/Tools</title>
<para>Einfache Listen, Tabellen</para>
</formalpara>
</sidebar>
<section xml:id="_budget">
<title>Budget</title>
<simpara>(evtl. gegliedert nach Roadmap oder Zwischenzielen, bzw. aufgeteilt in Personalbudget, Sachbudget, &#8230;&#8203;)</simpara>
</section>
<section xml:id="_zeitrahmenendtermin">
<title>Zeitrahmen/Endtermin</title>

</section>
<section xml:id="_teammitglieder">
<title>Teammitglieder</title>
<simpara>(Aufzählung oder aber ein Link auf komplexe Teamstruktur in Abschnitt 10)</simpara>
</section>
<section xml:id="_externe_ressourcen">
<title>Externe Ressourcen</title>
<simpara><?asciidoc-pagebreak?></simpara>
</section>
</chapter>
<chapter xml:id="section-Teamstruktur">
<title>Teamstruktur</title>
<sidebar role="req42help">
<formalpara>
<title>Inhalt</title>
<para>Bei kleinen Produktentwicklungen mit nur einem Entwicklungsteam kann dieser Abschnitt entfallen, da die Teammitglieder bereits im vorherigen Abschnitt aufgeführt sind.  Bei skalierten großen Produkten sollte hier das Organigramm Ihrer Teams stehen und eine Zuordnung zu den Themen (z.B. Epics, Features, &#8230;&#8203;), für die dieses Team zuständig ist.</para>
</formalpara>
<formalpara>
<title>Motivation</title>
<para>Wenn Sie über mehrere Teams verfügen, ist es selbstverständlich, dass Sie einen Überblick darüber haben, wer in welchem (Sub-)Team arbeitet und wie diese Teams organisiert sind.</para>
</formalpara>
<simpara>Der Fokus sollte darauf liegen, dass die (Teil-)Teams so organisiert sind, dass sie möglichst selbstständig Funktionen/Features oder Teilprodukte liefern können, ohne sich ständig mit allen anderen abstimmen zu müssen.</simpara>
<formalpara>
<title>Notationen/Tools</title>
<para>Listen von Teams (jeweils mit zugewiesenen Personen und zugewiesenen Themen aus der Roadmap oder aus dem Product Backlog (z. B. Epics oder Features).</para>
</formalpara>
</sidebar>
<informaltable frame="all" rowsep="1" colsep="1">
<tgroup cols="3">
<colspec colname="col_1" colwidth="20*"/>
<colspec colname="col_2" colwidth="40*"/>
<colspec colname="col_3" colwidth="40*"/>
<thead>
<row>
<entry align="left" valign="top">Team</entry>
<entry align="left" valign="top">Team-Mitglied</entry>
<entry align="left" valign="top">Themen</entry>
</row>
</thead>
<tbody>
<row>
<entry align="left" valign="top"><simpara><emphasis>&lt;Team-1&gt;</emphasis></simpara></entry>
<entry align="left" valign="top"><simpara>PO: <emphasis>&lt;Name&gt;</emphasis></simpara></entry>
<entry align="left" valign="top"><simpara><emphasis>&lt;Teilprodukt-A&gt;</emphasis></simpara></entry>
</row>
<row>
<entry align="left" valign="top"></entry>
<entry align="left" valign="top"><simpara><emphasis>&lt;Team-Member-1&gt;</emphasis></simpara></entry>
<entry align="left" valign="top"></entry>
</row>
<row>
<entry align="left" valign="top"></entry>
<entry align="left" valign="top"></entry>
<entry align="left" valign="top"></entry>
</row>
<row>
<entry align="left" valign="top"><simpara><emphasis>&lt;Team-2&gt;</emphasis></simpara></entry>
<entry align="left" valign="top"><simpara>PO: <emphasis>&lt;Name&gt;</emphasis></simpara></entry>
<entry align="left" valign="top"><simpara><emphasis>&lt;Teilprodukt-B&gt;</emphasis></simpara></entry>
</row>
<row>
<entry align="left" valign="top"></entry>
<entry align="left" valign="top"><simpara><emphasis>&lt;Team-Member-1&gt;</emphasis></simpara></entry>
<entry align="left" valign="top"></entry>
</row>
<row>
<entry align="left" valign="top"></entry>
<entry align="left" valign="top"><simpara><emphasis>&lt;Team-Member-2&gt;</emphasis></simpara></entry>
<entry align="left" valign="top"></entry>
</row>
<row>
<entry align="left" valign="top"></entry>
<entry align="left" valign="top"></entry>
<entry align="left" valign="top"></entry>
</row>
</tbody>
</tgroup>
</informaltable>
<simpara><?asciidoc-pagebreak?></simpara>
</chapter>
<chapter xml:id="Roadmaps">
<title>Roadmaps</title>
<sidebar role="req42help">
<formalpara>
<title>Inhalt</title>
<para>"Liefergegenstände auf die Zeitleiste gelegt" – wer liefert wann was?</para>
</formalpara>
<formalpara>
<title>Motivation</title>
<para>Auch agile Projekte brauchen einen Plan. Je weiter ein Ziel in der Ferne liegt, desto ungenauer kann der Plan sein. Je näher, desto genauer.
Eine explizit bekannte Roadmap ermöglicht allen Beteiligten sich untereinander abzustimmen und mitzudenken und daher bei kurzfristigen Entscheidungen zu berücksichtigen, was da mittelfristig noch alles kommen wird.</para>
</formalpara>
<simpara>Wenn Sie nur von der Hand in den Mund leben, treffen Sie unter Umständen unwissentlich kurzfristig Entscheidungen, die dem längerfristigen Produkterfolg entgegenstehen. In unseren Kursen zeigen wir Ihnen, wie grob oder fein eine Roadmap sein kann, darf oder sollte.</simpara>
<formalpara>
<title>Notationen/Tools</title>
<para>Was auch immer Sie als Planungswerkzeug im Einsatz haben oder was Ihnen erlaubt, möglichst auf einer Seite einen entsprechenden Überblick über einen längeren Zeitraum darzustellen.</para>
</formalpara>
</sidebar>
<simpara><emphasis>&lt; Hier Ihre Planung einfügen &gt;</emphasis></simpara>
<simpara><?asciidoc-pagebreak?></simpara>
</chapter>
<chapter xml:id="section-Risiken-und-Annahmen">
<title>Risiken und Annahmen</title>
<sidebar role="req42help">
<formalpara>
<title>Inhalt</title>
<para>(Priorisierte) Listen von Risiken, die Sie erkannt haben und eine Liste von Annahmen, die Sie als Grundlage für Entscheidungen getroffen haben.</para>
</formalpara>
<formalpara>
<title>Motivation</title>
<para>„Risikomanagement ist Projektmanagement für Erwachsene“ sagt Tim Lister von der Atlantic Systems Guild“.
In diesem Sinne sollten Sie Ihre Risiken als Product Owner im Griff halten.</para>
</formalpara>
<simpara>req42 gibt Ihnen die Mittel an die Hand, Risiken bewusst zu managen. Insbesondere beim Priorisieren Ihrer Anforderungen sollten Sie ausgewogen zwischen Business Value und Risk Reduction abwägen.</simpara>
<formalpara>
<title>Notationen/Tools</title>
<para>Einfache Tabellen oder Listen reichen oft bereits aus.</para>
</formalpara>
</sidebar>
<section xml:id="_risiken">
<title>Risiken</title>
<informaltable frame="all" rowsep="1" colsep="1">
<tgroup cols="5">
<colspec colname="col_1" colwidth="7.6923*"/>
<colspec colname="col_2" colwidth="38.4615*"/>
<colspec colname="col_3" colwidth="7.6923*"/>
<colspec colname="col_4" colwidth="7.6923*"/>
<colspec colname="col_5" colwidth="38.4616*"/>
<thead>
<row>
<entry align="left" valign="top">Nr.</entry>
<entry align="left" valign="top">Text</entry>
<entry align="left" valign="top">Wahrschein-lichkeit</entry>
<entry align="left" valign="top">Schadens-höhe</entry>
<entry align="left" valign="top">Evtl. Maßnahmen</entry>
</row>
</thead>
<tbody>
<row>
<entry align="left" valign="top"><simpara><emphasis>1</emphasis></simpara></entry>
<entry align="left" valign="top"><simpara><emphasis>&lt;Risiko-1&gt;</emphasis></simpara></entry>
<entry align="left" valign="top"><simpara><emphasis>&lt;%-1&gt;</emphasis></simpara></entry>
<entry align="left" valign="top"><simpara><emphasis>&lt;Höhe-1&gt;</emphasis></simpara></entry>
<entry align="left" valign="top"><simpara><emphasis>&lt;Maßnahme-1&gt;</emphasis></simpara></entry>
</row>
<row>
<entry align="left" valign="top"><simpara><emphasis>2</emphasis></simpara></entry>
<entry align="left" valign="top"><simpara><emphasis>&lt;Risiko-2&gt;</emphasis></simpara></entry>
<entry align="left" valign="top"><simpara><emphasis>&lt;%-2&gt;</emphasis></simpara></entry>
<entry align="left" valign="top"><simpara><emphasis>&lt;Höhe-2&gt;</emphasis></simpara></entry>
<entry align="left" valign="top"><simpara><emphasis>&lt;Maßnahme-1&gt;</emphasis></simpara></entry>
</row>
</tbody>
</tgroup>
</informaltable>
</section>
<section xml:id="_annahmen">
<title>Annahmen</title>
<informaltable frame="all" rowsep="1" colsep="1">
<tgroup cols="2">
<colspec colname="col_1" colwidth="9.0909*"/>
<colspec colname="col_2" colwidth="90.9091*"/>
<thead>
<row>
<entry align="left" valign="top">Nr.</entry>
<entry align="left" valign="top">Text</entry>
</row>
</thead>
<tbody>
<row>
<entry align="left" valign="top"><simpara><emphasis>1</emphasis></simpara></entry>
<entry align="left" valign="top"><simpara><emphasis>&lt;Annahme-1&gt;</emphasis></simpara></entry>
</row>
<row>
<entry align="left" valign="top"><simpara><emphasis>2</emphasis></simpara></entry>
<entry align="left" valign="top"><simpara><emphasis>&lt;Annahme-2&gt;</emphasis></simpara></entry>
</row>
</tbody>
</tgroup>
</informaltable>
</section>
</chapter>
</book>