<?xml version="1.0" encoding="UTF-8"?>
<!DOCTYPE book PUBLIC "-//OASIS//DTD DocBook XML V4.5//EN" "http://www.oasis-open.org/docbook/xml/4.5/docbookx.dtd">
<?asciidoc-toc?>
<?asciidoc-numbered?>
<book xmlns="http://docbook.org/ns/docbook" lang="en">
<bookinfo>
<title><inlinemediaobject>
  <imageobject>
    <imagedata fileref="images/req42-logo.png"/>
  </imageobject>
  <textobject><phrase>req42</phrase></textobject>
</inlinemediaobject> Framework</title>
<date>2022-10-16</date>



</bookinfo>
<preface>
<title></title>
<simpara><emphasis role="strong">Über req42</emphasis></simpara>
<simpara role="lead">req42, the framework for collecting, documenting and communicating requirements.</simpara>
<simpara>Created and maintained by Dr. Peter Hruschka, Markus Meuten and contributors.</simpara>
<simpara>Template Revision: 1.1 DE (based on asciidoc), May 2022</simpara>
<simpara>&#169;
We acknowledge that this document uses material from the req42 framework, <ulink url="https://req42.de">https://req42.de</ulink></simpara>
<simpara><?asciidoc-hr?></simpara>

<sidebar role="req42help">
<note>
<simpara>This version of the framework contains help texts and explanations. It is meant to familiarize yourself with the framework.
For your own documentation better use the <emphasis>plain</emphasis> Version.</simpara>
</note>

</sidebar>

<simpara><?asciidoc-pagebreak?></simpara>

</preface>

<chapter id="section-business-goals">
<title>Business Goals</title>
<sidebar role="req42help">
<formalpara>
<title>Content</title>
<para>The business objectives of your product development or project. Short and concise, understandable and transparent for your stakeholders.</para>
</formalpara>
<formalpara>
<title>Motivation</title>
<para>Goals must be specified and agreed upon to the point where everyone involved has a clear idea of what is to be accomplished and in what time frames. Establishing vision and goals guides the team in developing detailed requirements and avoids fragmentation.
Perhaps your clients gave you rough goals or a vision when they entrusted you with the role of product owner. Often, however, the precision of these specifications is not enough to lead a team systematically to success.</para>
</formalpara>
<formalpara>
<title>Notations/Tools</title>
<para>A wide variety of means of expression are available for defining goals, which you can choose according to your mood.</para>
</formalpara>
<simpara>Our recommendation:
* Notation in the form of PAM (Purpose, Advantage, Metric).
Alternative forms of notation:
* Product case
* News from the Future
* Product Canvas
* Value Proposition</simpara>
<simpara>There is only one thing you should never do: Work without explicit goals or visions.</simpara>
<simpara>Siehe <ulink url="https://docs.arc42.org/section-1/">Anforderungen und Ziele</ulink> in der online-Dokumentation (auf Englisch!).</simpara>
</sidebar>

<simpara>Goal definitions according to PAM:</simpara>
<simpara>Goal 1:
Advantage 1:
Metric 1:</simpara>
<simpara>Goal 2:
Advantage 2:
Metric 2:</simpara>
<simpara>Goal 3:
Advantage 3:
Metric 3:</simpara>
<simpara><?asciidoc-pagebreak?></simpara>

</chapter>
<chapter id="section-stakeholder">
<title>Stakeholder</title>
<sidebar role="req42help">
<formalpara>
<title>Content</title>
<para>A (prioritized) list of your stakeholders, along with indications of where these stakeholders can help (or hinder) the analysis work.</para>
</formalpara>
<formalpara>
<title>Motivation</title>
<para>Stakeholders are the most important sources for requirements. Therefore, you should know and document them. You need to know who can help you with what or hinder you in what way. You need to know who has what influence - and if opinions differ, you need to mediate or decide.
Without explicitly identified stakeholders, all this is difficult.</para>
</formalpara>
<formalpara>
<title>Notations/Tools</title>
<para>Einfache Tabellen der Randbedingungen mit Erläuterungen.
Bei Bedarf unterscheiden Sie technische, organisatorische und politische Randbedingungen oder übergreifende Konventionen (beispielsweise Programmier- oder Versionierungsrichtlinien, Dokumentations- oder Namenskonvention).</para>
</formalpara>
<itemizedlist>
<listitem>
<simpara>Tables or lists (simple form)</simpara>
</listitem>
<listitem>
<simpara>Possibly stakeholder map (more complex form)</simpara>
</listitem>
</itemizedlist>

<simpara>Below we have included a simple stakeholder list as an example.</simpara>
<simpara>The order "role before person" has been chosen deliberately. This order has proven itself since requirements normally always represent needs from the perspective of a role, but the person taking on the role can change during the project.
If required, you can also add further columns (contact data, &#8230;) - but consider the effort for their maintenance.</simpara>
<simpara>Siehe <ulink url="https://docs.arc42.org/section-2/">Randbedingungen</ulink> in der online-Dokumentation (auf Englisch!).</simpara>
</sidebar>

<informaltable frame="all"
    rowsep="1" colsep="1">
  
  <tgroup cols="4">
    
    <colspec colname="col_1" colwidth="20*"/>
    
    <colspec colname="col_2" colwidth="40*"/>
    
    <colspec colname="col_3" colwidth="20*"/>
    
    <colspec colname="col_4" colwidth="20*"/>
    
    
    <thead>
      
      <row>
        
        <entry align="left" valign="top">Role</entry>
        
        <entry align="left" valign="top">Person</entry>
        
        <entry align="left" valign="top">Topic</entry>
        
        <entry align="left" valign="top">Influence</entry>
        
      </row>
      
    </thead>
    
    <tbody>
      
      <row>
        
        <entry align="left" valign="top"><simpara><emphasis>&lt;Role-1&gt;</emphasis></simpara></entry>
        
        <entry align="left" valign="top"><simpara><emphasis>&lt;Person-1&gt;</emphasis></simpara></entry>
        
        <entry align="left" valign="top"><simpara><emphasis>&lt;Topic-1&gt;</emphasis></simpara></entry>
        
        <entry align="left" valign="top"><simpara>_&lt;Influence-1&gt;</simpara></entry>
        
      </row>
      
      <row>
        
        <entry align="left" valign="top"><simpara><emphasis>&lt;Role-2&gt;</emphasis></simpara></entry>
        
        <entry align="left" valign="top"><simpara><emphasis>&lt;Person-2&gt;</emphasis></simpara></entry>
        
        <entry align="left" valign="top"><simpara><emphasis>&lt;Topic-2&gt;</emphasis></simpara></entry>
        
        <entry align="left" valign="top"><simpara>_&lt;Influence-2&gt;</simpara></entry>
        
      </row>
      
      <row>
        
        <entry align="left" valign="top"></entry>
        
        <entry align="left" valign="top"></entry>
        
        <entry align="left" valign="top"></entry>
        
        <entry align="left" valign="top"></entry>
        
      </row>
      
    </tbody>
    
  </tgroup>
</informaltable>

<simpara><?asciidoc-pagebreak?></simpara>

</chapter>
<chapter id="section-scope">
<title>Scope</title>
<sidebar role="req42help">
<formalpara>
<title>Content</title>
<para>Your product with all external interfaces to (human and automated) neighbors, resp. neighboring systems.</para>
</formalpara>
<formalpara>
<title>Motivation</title>
<para>Scope is the area that you can influence. The environment of the product, to which there are certainly many interfaces, represents the context. The context cannot (usually) be decided by you alone, but can often be negotiated. To gain clarity it is important to describe both as much as possible and especially to define the boundary between the two scopes.</para>
</formalpara>
<simpara>req42 recommends that you start with the business scope and do not limit the product scope too early. The decision about the product scope should be a conscious one.
Read more about this indispensable topic in the blog post "Scope is not equal to Scope" or in [2]. In our courses, you will practice scope delimitation using a realistic case study.</simpara>
<formalpara>
<title>Notations/Tools</title>
<para>There are many different means of expression for representing scope delineation, but a good scope delineation makes the interfaces to the context explicit (e.g., in terms of inputs and outputs, of services provided and required, &#8230;).
* Various forms of context diagrams
* Context chart</para>
</formalpara>
<simpara>Siehe <ulink url="https://docs.arc42.org/section-3/">Kontextabgrenzung</ulink> in der online-Dokumentation (auf Englisch!).</simpara>
</sidebar>

<simpara>Insert <xref linkend="Context diagram"/> or <xref linkend="Context table"/> here.</simpara>
<simpara>Optional: add table with explanations of interfaces:</simpara>
<informaltable frame="all"
    rowsep="1" colsep="1">
  
  <tgroup cols="2">
    
    <colspec colname="col_1" colwidth="16*"/>
    
    <colspec colname="col_2" colwidth="83*"/>
    
    
    <thead>
      
      <row>
        
        <entry align="left" valign="top">Interface Name</entry>
        
        <entry align="left" valign="top">Meaning/Explanation</entry>
        
      </row>
      
    </thead>
    
    <tbody>
      
      <row>
        
        <entry align="left" valign="top"><simpara><emphasis>&lt;IF-1&gt;</emphasis></simpara></entry>
        
        <entry align="left" valign="top"><simpara><emphasis>&lt;Meaning-1&gt;</emphasis></simpara></entry>
        
      </row>
      
      <row>
        
        <entry align="left" valign="top"><simpara><emphasis>&lt;IF-2&gt;</emphasis></simpara></entry>
        
        <entry align="left" valign="top"><simpara><emphasis>&lt;Meaning-2&gt;</emphasis></simpara></entry>
        
      </row>
      
      <row>
        
        <entry align="left" valign="top"></entry>
        
        <entry align="left" valign="top"></entry>
        
      </row>
      
    </tbody>
    
  </tgroup>
</informaltable>

<simpara><?asciidoc-pagebreak?></simpara>

</chapter>
<chapter id="section-product-backlog">
<title>Product Backlog</title>
<sidebar role="req42help">
<formalpara>
<title>Content</title>
<para>An ordered list of product backlog items (at different levels of granularity: e.g. epics, features and user stories). Backlog items should be prioritized (better term: ranked) among each other. The items with the greatest added value in terms of implementation effort should be at the top of the backlog to be implemented next. You have to define explicitly what added value means for you and your development. The simplest definition is the business added value for the customer when implementing the requirement.</para>
</formalpara>
<formalpara>
<title>Motivation</title>
<para>The Scrum Guide [1] defines: "The Product Backlog is an ordered list of everything that is known to be included in the product. It serves as the single source of requirements for all changes to the product. The Product Owner is responsible for the Product Backlog, its contents, access to it, and the order of entries.</para>
</formalpara>
<simpara>A Product Backlog is never complete. During its initial development steps, it identifies the requirements that are initially known and best understood. The Product Backlog evolves with the product and its use. It is dynamic; it constantly adapts to make clear for the product what it needs to be adequate to its task, to compete, and to provide the required benefits."
As long as a product exists, so does its Product Backlog.
So you see: the Product Backlog is really important for successful work as a Product Owner. But please fill in the other artifacts as well. Your job may not start with the Product Backlog and it certainly doesn&#8217;t end with the Product Backlog.</simpara>
<formalpara>
<title>Notations/Tools</title>
<para>Proven (regardless of granularity) for epics, features and user stories is the formula:
       As &lt;role&gt; I want &lt;functionality&gt; so that &lt;advantage&gt;.</para>
</formalpara>
<simpara>For the more abstract levels (epics, features), compound nouns may also be suitable for describing functionality.</simpara>
<simpara>Use ALM tools or ticket systems (JIRA or Azure DevOps) or wikis (like Confluence) to manage your epics, features and stories (linked and ordered).</simpara>
<simpara>A two-dimensional representation of the product backlog in the form of a story map has proven particularly useful.</simpara>
<simpara>Siehe <ulink url="https://docs.arc42.org/section-4/">Lösungsstrategie</ulink> in der online-Dokumentation (auf Englisch!).</simpara>
</sidebar>

<simpara>EPIC 1: As &lt;role&gt; I want &lt;functionality&gt; so that &lt;advantage&gt;.
<xref linkend="optional: Link to models"/>.</simpara>
<simpara>FEATURE 1.1: As &lt;role&gt; I want &lt;functionality&gt; so that &lt;advantage&gt;.
<xref linkend="optional: Link to models"/>.</simpara>
<simpara>STORY 1.1.1: As &lt;role&gt; I want &lt;functionality&gt; so that &lt;advantage&gt;.
<xref linkend="optional: Link to models"/>.</simpara>
<simpara>STORY 1.1.x.: As &lt;role&gt; I want &lt;functionality&gt; so that &lt;advantage&gt;.
<xref linkend="optional. Link to models"/>.</simpara>
<simpara>EPIC 2: As &lt;role&gt; I want &lt;functionality&gt; so that &lt;advantage&gt;.
<xref linkend="optional: Link to models"/>.</simpara>
<simpara>FEATURE 2.1: As &lt;role&gt; I want &lt;functionality&gt; so that &lt;advantage&gt;.
<xref linkend="optional: Link to models"/>.</simpara>
<simpara>STORY 2.1.1: As &lt;role&gt; I want &lt;functionality&gt; so that &lt;advantage&gt;.
<xref linkend="optional: Link to models"/>.</simpara>
<simpara>STORY 2.1.2: As &lt;role&gt; I want &lt;functionality&gt; so that &lt;advantage&gt;.
<xref linkend="optional: Link to models"/>.</simpara>
<simpara>FEATURE 2.2: As &lt;role&gt; I want &lt;functionality&gt; so that &lt;advantage&gt;.
<xref linkend="optional: Link to models"/>.</simpara>
<simpara>STORY 2.2.1: As &lt;role&gt; I want &lt;functionality&gt; so that &lt;advantage&gt;.
<xref linkend="optional: Link to models"/>.</simpara>
<simpara>STORY 2.2.2: As &lt;role&gt; I want &lt;functionality&gt; so that &lt;advantage&gt;.
<xref linkend="optional: Link to models"/>.</simpara>
<simpara>EPIC 3: As &lt;role&gt; I want &lt;functionality&gt; so that &lt;advantage&gt;.
<xref linkend="optional: Link to models"/>.</simpara>
<simpara><?asciidoc-pagebreak?></simpara>

</chapter>
<chapter id="section-suppporting-models">
<title>Supporting Models</title>
<sidebar role="req42help">
<formalpara>
<title>Content</title>
<para>Any kind of graphical models that facilitate the understanding (of relationships) of Backlog Items. The diagrams should be linked to items from the Product Backlog.</para>
</formalpara>
<formalpara>
<title>Motivation</title>
<para>In the agile world, it has become widespread to write requirements in the form of epics, features or user stories on little cards or to file them in equivalent form in tools.</para>
</formalpara>
<simpara>Nevertheless, communication among all stakeholders sometimes becomes much easier if you also use the tools we have come to know over the last decades to make the colloquial language more precise. So don&#8217;t be afraid to use models if they help communication.</simpara>
<simpara>Don&#8217;t worry: these models don&#8217;t have to be perfect. But especially with increasing complexity (loops or case distinctions), a graphical visualization of the steps of a business process promotes understanding better than many tickets in the system without recognizable sequences and dependencies.</simpara>
<itemizedlist>
<title>Notations/Tools</title>
<listitem>
<simpara>Flowcharts</simpara>
</listitem>
<listitem>
<simpara>activity diagrams</simpara>
</listitem>
<listitem>
<simpara>BPMN</simpara>
</listitem>
<listitem>
<simpara>state models</simpara>
</listitem>
<listitem>
<simpara>data models</simpara>
</listitem>
<listitem>
<simpara>UI prototypes</simpara>
</listitem>
<listitem>
<simpara>mock-ups</simpara>
</listitem>
<listitem>
<simpara>wireframes</simpara>
</listitem>
</itemizedlist>

<simpara>Simple modeling tools like Gliffy, Diagrams.Net (formerly DrawIO), &#8230;&#8230;, or DSLs like PlantUML, Kroki, &#8230; or UML modeling tools like Enterprise Architect, Visual Paradigm, MagicDraw are suitable for creating the models. The models should be linked to your backlog items (in both directions)</simpara>
<simpara>Siehe <ulink url="https://docs.arc42.org/section-5/">Bausteinsicht</ulink> in der online-Dokumentation (auf Englisch!).</simpara>
</sidebar>

<simpara><xref linkend="Diagram Title 1:"/>. <xref linkend="insert diagram and explanations here"/> <link linkend="optional: Link to Epics">Features or Stories</link>
<xref linkend="Diagram Title 12"/>. <xref linkend="insert diagram and explanations here"/> <link linkend="optional: Link to Epics">Features or Stories</link>
<xref linkend="Diagram Title 3:"/>. <xref linkend="insert diagram and explanations here"/> <link linkend="optional: Link to Epics">Features or Stories</link>
….
<xref linkend="Diagram Title n:"/>. <xref linkend="insert diagram and explanations here"/> <link linkend="optional: Link to Epics">Features or Stories</link></simpara>
<simpara><?asciidoc-pagebreak?></simpara>

</chapter>
<chapter id="section-quality-requirements">
<title>Quality Requirements</title>
<sidebar role="req42help">
<formalpara>
<title>Content</title>
<para>Quality requirements are the "how" to the "what" - qualitative definitions or precisions of the functional requirements.</para>
</formalpara>
<formalpara>
<title>Motivation</title>
<para>ur experience shows: Quality requirements are (unfortunately) still severely underestimated, not only in the agile world. Everyone wants good quality products and services, but only a few make it explicit what exactly is meant by this.
Some quality requirements (such as response times) can perhaps be integrated directly into a story (or added as an acceptance criterion). However, the vast majority of quality requirements relate to many, if not all, of the functional requirements in the product backlog. Therefore, as a product owner, you need somewhere to specify and assign the desired qualities of your products and services. For this activity, industry-proven checklists (such as ISO 25010 and others) are available to help you quickly identify and manage the most important categories.</para>
</formalpara>
<formalpara>
<title>Notations/Tools</title>
<para>Simple textual scenarios, possibly structured according to the chapters of the ISO 25010 quality tree or according to VOLERE.</para>
</formalpara>
<simpara>Siehe <ulink url="https://docs.arc42.org/section-6/">Laufzeitsicht</ulink> in der online-Dokumentation (auf Englisch!).</simpara>
</sidebar>

<simpara>&lt;&lt; quality requirement or scenario 1&gt;&gt; :
<xref linkend="Link to functional requirements or scope for this quality"/></simpara>
<simpara>&lt;&lt; quality requirement or scenario 2&gt;&gt; :
<xref linkend="Link to functional requirements or scope for this quality"/></simpara>
<simpara>&lt;&lt; quality requirement or scenario 3&gt;&gt; :
<xref linkend="Link to functional requirements or scope for this quality"/></simpara>

<literallayout class="monospaced"></literallayout>



<literallayout class="monospaced">&lt;&lt; quality requirement or scenario n&gt;&gt; :
&lt;&lt;Link to functional requirements or scope for this quality &gt;&gt;

&lt;&lt;&lt;&lt;
[[section-constraints]]
== Constraints

[role="req42help"]
****
.Content
Technological or organizational (mandated) constraints for the development process, such as mandatory activities, prescribed documents and their content, milestones to be met, ...

.Motivation
Such constraints are also requirements. And since they often apply to several or even all functional requirements, they are difficult to accommodate in the ordered product backlog. Just make sure that all stakeholders know these constraints and have access to them when needed.

.Form
Simple lists, possibly organized by category.

.More Information

Siehe https://docs.arc42.org/section-7/[Verteilungssicht] in der online-Dokumentation (auf Englisch!).

****

=== 7.1 Organizational Constraints
*
*
*

=== 7.2 Technical Constraints
*
*
*

&lt;&lt;&lt;&lt;
[[section-domain-terminology]]
== Domain Terminology

[role="re42help"]
****
.Content
A glossary of technical terms with definitions.

.Motivation
Terms from your domain appear in every epic, feature, or story. These terms should be clear to everyone involved. And that's why it is desirable to have a glossary of such terms for a project or product development. Make sure that everyone involved speaks a common language - and has access to agreed-upon definitions of terms instead of bringing new words into play in every meeting.

.Notations/Tools
Alphabetically ordered list of term definitions


.More Information

Siehe https://docs.arc42.org/section-8/[Querschnittliche Konzepte] in der online-Dokumentation (auf Englisch).

****

[cols="1,5" options="header"]
|===
|Term |Definition
| _&lt;Term-1&gt;_ |_&lt;Definition-1&gt;_
| _&lt;Term-2&gt;_ |_&lt;Defintion-2&gt;_
|            |
|===

&lt;&lt;&lt;&lt;
[[section-assets]]
== Assets

[role="req42help"]
****
.Content
Under assets we summarize everything that your sponsors or clients give you to enable you as a product owner (together with your team) to do your job successfully.
ssets definitely include time and budget, i.e., resources they give you to do your job. You may have to get your team with these resources yourself, or they may also provide you with staff (your team), workspace, infrastructure, etc.

.Motivation
If you take on the job as a product owner you have to negotiate these assets with your sponsor or client and certainly in the end also account for their use (through hopefully successful results).
In any case, you should know what you have at your disposal in terms of money, personnel, time, infrastructure, ... at your disposal. These assets are an essential boundary condition for your work as a product owner.

.Notations/Tools
Simple lists or tables

.More Information

Siehe https://docs.arc42.org/section-10/[Qualitätsanforderungen] in der online-Dokumentation (auf Englisch!).

****

=== 9.1 Budget:
(possibly structured according to roadmap or intermediate goals, or divided into personnel budget, material budget, ...)

=== 9.2 Time frame/final date:

=== 9.3 Team members:
(simple enumeration of team members for small team.  Or a link to complex team structure in section 10).

=== 9.4 External resources:

&lt;&lt;&lt;&lt;
[[section-teams]]
== Teams

[role="req42help"]
****
.Content
This section can be omitted for small product developments with only one development team, since the team members are already listed in the previous section.  For scaled large products, the organization chart of your teams should be here and an assignment to the topics (e.g. epics, features, ...) this team is responsible for.

.Motivation
If you have more than one team at your disposal, it goes without saying that you should have an overview of who works in which (sub-)team and how these teams are organized.
The focus should be on (sub-)teams being organized in such a way that they can deliver functions/features or partial products as independently as possible without having to constantly coordinate with everyone else.

.Notations/Tools
Lists of teams (each with assigned people and assigned topics from the roadmap or from the product backlog (e.g., epics or features).

.More Information

Siehe https://docs.arc42.org/section-10/[Qualitätsanforderungen] in der online-Dokumentation (auf Englisch!).

****

[cols="1,2,2" options="header"]
|===
|Team |Team Members |Feature
| _&lt;Team-1&gt;_ |PO: _&lt;Person-1&gt;_ | _&lt;Feature-A&gt;_
|            | _&lt;Team member-2&gt;_|
|            | _&lt;Team member-3&gt;_|
|            |                  |
| _&lt;Team-2&gt;_ |PO_&lt;Person-2&gt;_ | _&lt;Feature-B&gt;_
|            | _&lt;Team member-2&gt;_|
|            |             |             |
|===

&lt;&lt;&lt;&lt;
[[section-roadmap]]
== Roadmap

[role="req42help"]
****
.Content
"Delivery objects put on the timeline" - who delivers what and when?

.Motivation
Agile projects also need a plan. The more distant a goal is, the less precise the plan can be. The closer, the more precise.
An explicitly known roadmap enables all participants to coordinate with each other and to think along with each other, and therefore to take into account what is still to come in the medium term when making short-term decisions.
If you only live from hand to mouth, you may unknowingly make short-term decisions that are contrary to longer-term product success. In our courses we show you how rough or fine a roadmap can, may or should be.

.Notations/Tools
Whatever you have in use as a planning tool or which allows you to present, if possible on one page, an appropriate overview over a longer period of time.


.More Information

Siehe https://docs.arc42.org/section-11/[Risiken und technische Schulden] in der online-Dokumentation (auf Englisch!).
****

&lt;&lt; Insert planning here&gt;&gt;



&lt;&lt;&lt;&lt;</literallayout>


</chapter>
</book>